{
  "result": [
    {
      "id": 1,
		  "position": [945104.941888413, 1952044.5518743908],
      "array size": [3, 3],
      "density": [[0.0, 0.0, 0.0], [1.0, 1.0, 1.0], [2.0, 2.0, 2.0]],
      "direction": [
        [[1.0, 0.0], [0.0, 0.0], [0.0, 0.0]],
        [[0.0, 0.0], [0.0, 0.0], [0.0, 0.0]],
        [[0.0, 0.0], [0.0, 0.0], [0.0, 1.0]]
      ]
    },
    {
      "id": 2,
		  "position": [945104.941888413, 1952064.5518743908],
      "array size": [3, 3],
      "density": [[0.0, 1.0, 2.0], [0.0, 1.0, 2.0], [0.0, 1.0, 2.0]],
      "direction": [
        [[0.0, 0.0], [1.0, 0.0], [0.0, 0.0]],
        [[0.0, 0.0], [0.0, 0.0], [0.0, 0.0]],
        [[0.0, 0.0], [0.0, 1.0], [0.0, 0.0]]
      ]
    },
    {
      "id": 3,
		  "position": [945104.941888413, 1952084.5518743908],
      "array size": [3, 3],
      "density": [[0.0, 1.0, 2.0], [3.0, 4.0, 5.0], [6.0, 7.0, 8.0]],
      "direction": [
        [[0.0, 0.0], [0.0, 0.0], [1.0, 0.0]],
        [[0.0, 0.0], [0.0, 0.0], [0.0, 0.0]],
        [[0.0, 1.0], [0.0, 0.0], [0.0, 0.0]]
      ]
    }
  ]
}